{"fold0_model0_train_Loss": 1.1780230232647486, "fold0_model0_train_LearningRate": 5.000000000000001e-05, "fold0_model1_train_Loss": 1.196418149130685, "fold0_model1_train_LearningRate": 5.000000000000001e-05, "fold0_model2_train_Loss": 1.6133524179458618, "fold0_model2_train_LearningRate": 1.212005108556838e-07, "fold0_model3_train_Loss": 2.636002881186349, "fold0_model3_train_LearningRate": 1.212005108556838e-07, "fold0_model0_val_Loss": 0.7951522171497345, "fold0_model0_val_Accuracy": 0.1897810218978102, "fold0_model0_val_Precision": 0.1897810218978102, "fold0_model0_val_Recall": 1.0, "fold0_model0_val_pAUC": 0.030553624033927917, "fold0_model0_val_LearningRate": 5e-05, "fold0_model1_val_Loss": 0.6606462895870209, "fold0_model1_val_Accuracy": 0.1897810218978102, "fold0_model1_val_Precision": 0.1897810218978102, "fold0_model1_val_Recall": 1.0, "fold0_model1_val_pAUC": 0.017448214814066887, "fold0_model1_val_LearningRate": 5e-05, "fold0_model2_val_Loss": 1.5667665600776672, "fold0_model2_val_Accuracy": 0.19464720194647203, "fold0_model2_val_Precision": 0.181360201511335, "fold0_model2_val_Recall": 0.9230769230769231, "fold0_model2_val_pAUC": 0.007268805522471666, "fold0_model2_val_LearningRate": 1.3710089399744666e-07, "fold0_model3_val_Loss": 2.7822115421295166, "fold0_model3_val_Accuracy": 0.8102189781021898, "fold0_model3_val_Precision": NaN, "fold0_model3_val_Recall": 0.0, "fold0_model3_val_pAUC": 0.004412100650370121, "fold0_model3_val_LearningRate": 1.3710089399744666e-07, "mean_fold0_train_Loss": 1.655949117881911, "mean_fold0_train_LearningRate": 2.506060025542785e-05, "mean_fold0_val_Loss": 1.4511941522359848, "mean_fold0_val_Accuracy": 0.34610705596107055, "mean_fold0_val_Precision": NaN, "mean_fold0_val_Recall": 0.7307692307692308, "mean_fold0_val_pAUC": 0.014920686255209148, "mean_fold0_val_LearningRate": 2.5068550446998726e-05, "mean_model0_train_Loss": 2.636002881186349, "mean_model0_train_LearningRate": 1.212005108556838e-07, "mean_model0_val_Loss": 2.7822115421295166, "mean_model0_val_Accuracy": 0.8102189781021898, "mean_model0_val_Precision": NaN, "mean_model0_val_Recall": 0.0, "mean_model0_val_pAUC": 0.004412100650370121, "mean_model0_val_LearningRate": 1.3710089399744666e-07, "mean_train_Loss": 1.655949117881911, "mean_train_LearningRate": 2.506060025542785e-05, "mean_val_Loss": 1.4511941522359848, "mean_val_Accuracy": 0.34610705596107055, "mean_val_Precision": NaN, "mean_val_Recall": 0.7307692307692308, "mean_val_pAUC": 0.014920686255209148, "mean_val_LearningRate": 2.5068550446998726e-05}